{"cameraMode":{"drawMode":0,"name":"Shaded","section":"Shading Mode"},"sceneLighting":true,"audioPlay":false,"sceneViewState":{"showFog":false,"showMaterialUpdate":false,"showSkybox":false,"showFlares":false,"showImageEffects":false,"showParticleSystems":false},"in2DMode":false,"pivot":{"x":0.0,"y":114.5999984741211,"z":23.299999237060548},"rotation":{"x":0.05826635658740997,"y":0.08256006240844727,"z":0.004835320636630058,"w":-0.9948698282241821},"size":37.932159423828128,"orthographic":false}