{"cameraMode":{"drawMode":0,"name":"Shaded","section":"Shading Mode"},"sceneLighting":false,"audioPlay":false,"sceneViewState":{"showFog":false,"showMaterialUpdate":false,"showSkybox":false,"showFlares":false,"showImageEffects":false,"showParticleSystems":false},"in2DMode":false,"pivot":{"x":-0.5,"y":98.0999984741211,"z":23.299999237060548},"rotation":{"x":0.010433084331452847,"y":0.11255094408988953,"z":0.001181849860586226,"w":-0.9935911893844605},"size":11.462796211242676,"orthographic":false}