{"cameraMode":{"drawMode":0,"name":"Shaded","section":"Shading Mode"},"sceneLighting":true,"audioPlay":false,"sceneViewState":{"showFog":false,"showMaterialUpdate":false,"showSkybox":false,"showFlares":false,"showImageEffects":false,"showParticleSystems":false},"in2DMode":false,"pivot":{"x":-52.853389739990237,"y":109.31640625,"z":-66.28981018066406},"rotation":{"x":0.7304589152336121,"y":-0.003686323296278715,"z":0.003943747375160456,"w":0.6829472184181213},"size":510.6317138671875,"orthographic":false}