{"cameraMode":{"drawMode":0,"name":"Shaded","section":"Shading Mode"},"sceneLighting":true,"audioPlay":false,"sceneViewState":{"showFog":false,"showMaterialUpdate":false,"showSkybox":false,"showFlares":false,"showImageEffects":false,"showParticleSystems":false},"in2DMode":false,"pivot":{"x":-50.388999938964847,"y":237.05386352539063,"z":19.7357177734375},"rotation":{"x":0.04946626350283623,"y":-0.023367157205939294,"z":0.0011576456017792225,"w":0.9985018968582153},"size":307.2931213378906,"orthographic":false}