{"cameraMode":{"drawMode":0,"name":"Shaded","section":"Shading Mode"},"sceneLighting":true,"audioPlay":false,"sceneViewState":{"showFog":false,"showMaterialUpdate":false,"showSkybox":false,"showFlares":false,"showImageEffects":false,"showParticleSystems":false},"in2DMode":false,"pivot":{"x":6.819188117980957,"y":103.70113372802735,"z":15.855125427246094},"rotation":{"x":0.16074450314044953,"y":-0.08132816851139069,"z":0.013291015289723874,"w":0.9835541844367981},"size":13.281586647033692,"orthographic":false}