{"cameraMode":{"drawMode":0,"name":"Shaded","section":"Shading Mode"},"sceneLighting":false,"audioPlay":false,"sceneViewState":{"showFog":false,"showMaterialUpdate":false,"showSkybox":false,"showFlares":false,"showImageEffects":false,"showParticleSystems":false},"in2DMode":false,"pivot":{"x":1.4299999475479127,"y":0.9370622038841248,"z":0.0},"rotation":{"x":-0.0028338544070720674,"y":0.9917840361595154,"z":0.022318895906209947,"w":0.1259290724992752},"size":1.291115164756775,"orthographic":false}