{"cameraMode":{"drawMode":0,"name":"Shaded","section":"Shading Mode"},"sceneLighting":true,"audioPlay":false,"sceneViewState":{"showFog":false,"showMaterialUpdate":false,"showSkybox":false,"showFlares":false,"showImageEffects":false,"showParticleSystems":false},"in2DMode":false,"pivot":{"x":240.57992553710938,"y":51.900489807128909,"z":331.2582092285156},"rotation":{"x":0.153062641620636,"y":0.16956163942813874,"z":-0.026668867096304895,"w":0.9731990098953247},"size":346.9676513671875,"orthographic":false}