{"cameraMode":{"drawMode":0,"name":"Shaded","section":"Shading Mode"},"sceneLighting":true,"audioPlay":false,"sceneViewState":{"showFog":false,"showMaterialUpdate":false,"showSkybox":false,"showFlares":false,"showImageEffects":false,"showParticleSystems":false},"in2DMode":false,"pivot":{"x":0.064453125,"y":84.78610229492188,"z":49.126678466796878},"rotation":{"x":0.16074450314044953,"y":-0.08132816851139069,"z":0.013291015289723874,"w":0.9835541844367981},"size":79.82711791992188,"orthographic":false}