{"cameraMode":{"drawMode":0,"name":"Shaded","section":"Shading Mode"},"sceneLighting":true,"audioPlay":false,"sceneViewState":{"showFog":false,"showMaterialUpdate":false,"showSkybox":false,"showFlares":false,"showImageEffects":false,"showParticleSystems":false},"in2DMode":false,"pivot":{"x":1.686640739440918,"y":104.07978820800781,"z":14.562614440917969},"rotation":{"x":0.15118972957134248,"y":-0.18418405950069428,"z":0.028684411197900773,"w":0.9707745313644409},"size":13.281586647033692,"orthographic":false}