{"cameraMode":{"drawMode":0,"name":"Shaded","section":"Shading Mode"},"sceneLighting":true,"audioPlay":false,"sceneViewState":{"showFog":false,"showMaterialUpdate":false,"showSkybox":false,"showFlares":false,"showImageEffects":false,"showParticleSystems":false},"in2DMode":false,"pivot":{"x":-5.027971267700195,"y":126.99701690673828,"z":56.417572021484378},"rotation":{"x":0.026876460760831834,"y":-0.09432564675807953,"z":0.0025465486105531456,"w":0.9951793551445007},"size":79.82711791992188,"orthographic":false}