{"cameraMode":{"drawMode":0,"name":"Shaded","section":"Shading Mode"},"sceneLighting":true,"audioPlay":false,"sceneViewState":{"showFog":false,"showMaterialUpdate":false,"showSkybox":false,"showFlares":false,"showImageEffects":false,"showParticleSystems":false},"in2DMode":false,"pivot":{"x":-244.13168334960938,"y":408.53619384765627,"z":347.427978515625},"rotation":{"x":0.004499946255236864,"y":-0.006000167224556208,"z":0.000026185964088654146,"w":0.999976634979248},"size":998.8248901367188,"orthographic":false}