{"cameraMode":{"drawMode":0,"name":"Shaded","section":"Shading Mode"},"sceneLighting":true,"audioPlay":false,"sceneViewState":{"showFog":false,"showMaterialUpdate":false,"showSkybox":false,"showFlares":false,"showImageEffects":false,"showParticleSystems":false},"in2DMode":false,"pivot":{"x":-77.39761352539063,"y":95.0084228515625,"z":366.7307434082031},"rotation":{"x":0.1379891335964203,"y":-0.3317565619945526,"z":0.0491219162940979,"w":0.9319289326667786},"size":502.8017883300781,"orthographic":false}